,iEta,strip,vfatId,hrsPin,vfatCh
0,8,65,0,4,0
1,8,66,0,5,0
2,8,67,0,7,0
3,8,68,0,8,1
4,8,69,0,9,2
5,8,70,0,10,3
6,8,71,0,11,0
7,8,72,0,12,0
8,8,73,0,13,4
9,8,74,0,14,5
10,8,75,0,15,6
11,8,76,0,16,7
12,8,77,0,18,9
13,8,78,0,19,10
14,8,79,0,20,11
15,8,80,0,21,12
16,8,81,0,22,13
17,8,82,0,23,14
18,8,83,0,24,15
19,8,84,0,25,16
20,8,85,0,26,17
21,8,86,0,27,18
22,8,87,0,29,20
23,8,88,0,30,21
24,8,89,0,31,22
25,8,90,0,32,23
26,8,91,0,33,0
27,8,92,0,34,0
28,8,93,0,35,24
29,8,94,0,36,25
30,8,95,0,37,26
31,8,96,0,38,27
32,8,97,0,40,29
33,8,98,0,41,30
34,8,99,0,42,31
35,8,100,0,43,32
36,8,101,0,44,33
37,8,102,0,45,34
38,8,103,0,46,35
39,8,104,0,47,36
40,8,105,0,48,37
41,8,106,0,49,38
42,8,107,0,51,40
43,8,108,0,52,41
44,8,109,0,53,42
45,8,110,0,54,43
46,8,111,0,55,0
47,8,112,0,56,0
48,8,113,0,57,44
49,8,114,0,58,45
50,8,115,0,59,46
51,8,116,0,60,47
52,8,117,0,62,49
53,8,118,0,63,50
54,8,119,0,64,51
55,8,120,0,65,52
56,8,121,0,66,53
57,8,122,0,67,54
58,8,123,0,68,55
59,8,124,0,69,56
60,8,125,0,70,57
61,8,126,0,71,58
62,8,127,0,73,60
63,8,128,0,74,61
64,8,1,0,81,66
65,8,2,0,82,67
66,8,3,0,84,69
67,8,4,0,85,70
68,8,5,0,86,71
69,8,6,0,87,72
70,8,7,0,88,73
71,8,8,0,89,74
72,8,9,0,90,75
73,8,10,0,91,76
74,8,11,0,92,77
75,8,12,0,93,78
76,8,13,0,95,80
77,8,14,0,96,81
78,8,15,0,97,82
79,8,16,0,98,83
80,8,17,0,99,0
81,8,18,0,100,0
82,8,19,0,101,84
83,8,20,0,102,85
84,8,21,0,103,86
85,8,22,0,104,87
86,8,23,0,106,89
87,8,24,0,107,90
88,8,25,0,108,91
89,8,26,0,109,92
90,8,27,0,110,93
91,8,28,0,111,94
92,8,29,0,112,95
93,8,30,0,113,96
94,8,31,0,114,97
95,8,32,0,115,98
96,8,33,0,117,100
97,8,34,0,118,101
98,8,35,0,119,102
99,8,36,0,120,103
100,8,37,0,121,0
101,8,38,0,122,0
102,8,39,0,123,104
103,8,40,0,124,105
104,8,41,0,125,106
105,8,42,0,126,107
106,8,43,0,128,109
107,8,44,0,129,110
108,8,45,0,130,111
109,8,46,0,131,112
110,8,47,0,132,113
111,8,48,0,133,114
112,8,49,0,134,115
113,8,50,0,135,116
114,8,51,0,136,117
115,8,52,0,137,118
116,8,53,0,139,120
117,8,54,0,140,121
118,8,55,0,141,122
119,8,56,0,142,123
120,8,57,0,143,0
121,8,58,0,144,0
122,8,59,0,145,124
123,8,60,0,146,125
124,8,61,0,147,126
125,8,62,0,148,127
126,8,63,0,150,0
127,8,64,0,151,0
128,8,160,1,4,0
129,8,159,1,5,0
130,8,158,1,7,0
131,8,157,1,8,1
132,8,156,1,9,2
133,8,155,1,10,3
134,8,154,1,11,0
135,8,153,1,12,0
136,8,152,1,13,4
137,8,151,1,14,5
138,8,150,1,15,6
139,8,149,1,16,7
140,8,148,1,18,9
141,8,147,1,19,10
142,8,146,1,20,11
143,8,145,1,21,12
144,8,144,1,22,13
145,8,143,1,23,14
146,8,142,1,24,15
147,8,141,1,25,16
148,8,140,1,26,17
149,8,139,1,27,18
150,8,138,1,29,20
151,8,137,1,30,21
152,8,136,1,31,22
153,8,135,1,32,23
154,8,134,1,33,0
155,8,133,1,34,0
156,8,132,1,35,24
157,8,131,1,36,25
158,8,130,1,37,26
159,8,129,1,38,27
160,8,256,1,40,29
161,8,255,1,41,30
162,8,254,1,42,31
163,8,253,1,43,32
164,8,252,1,44,33
165,8,251,1,45,34
166,8,250,1,46,35
167,8,249,1,47,36
168,8,248,1,48,37
169,8,247,1,49,38
170,8,246,1,51,40
171,8,245,1,52,41
172,8,244,1,53,42
173,8,243,1,54,43
174,8,242,1,55,0
175,8,241,1,56,0
176,8,240,1,57,44
177,8,239,1,58,45
178,8,238,1,59,46
179,8,237,1,60,47
180,8,236,1,62,49
181,8,235,1,63,50
182,8,234,1,64,51
183,8,233,1,65,52
184,8,232,1,66,53
185,8,231,1,67,54
186,8,230,1,68,55
187,8,229,1,69,56
188,8,228,1,70,57
189,8,227,1,71,58
190,8,226,1,73,60
191,8,225,1,74,61
192,8,224,1,81,66
193,8,223,1,82,67
194,8,222,1,84,69
195,8,221,1,85,70
196,8,220,1,86,71
197,8,219,1,87,72
198,8,218,1,88,73
199,8,217,1,89,74
200,8,216,1,90,75
201,8,215,1,91,76
202,8,214,1,92,77
203,8,213,1,93,78
204,8,212,1,95,80
205,8,211,1,96,81
206,8,210,1,97,82
207,8,209,1,98,83
208,8,208,1,99,0
209,8,207,1,100,0
210,8,206,1,101,84
211,8,205,1,102,85
212,8,204,1,103,86
213,8,203,1,104,87
214,8,202,1,106,89
215,8,201,1,107,90
216,8,200,1,108,91
217,8,199,1,109,92
218,8,198,1,110,93
219,8,197,1,111,94
220,8,196,1,112,95
221,8,195,1,113,96
222,8,194,1,114,97
223,8,193,1,115,98
224,8,192,1,117,100
225,8,191,1,118,101
226,8,190,1,119,102
227,8,189,1,120,103
228,8,188,1,121,0
229,8,187,1,122,0
230,8,186,1,123,104
231,8,185,1,124,105
232,8,184,1,125,106
233,8,183,1,126,107
234,8,182,1,128,109
235,8,181,1,129,110
236,8,180,1,130,111
237,8,179,1,131,112
238,8,178,1,132,113
239,8,177,1,133,114
240,8,176,1,134,115
241,8,175,1,135,116
242,8,174,1,136,117
243,8,173,1,137,118
244,8,172,1,139,120
245,8,171,1,140,121
246,8,170,1,141,122
247,8,169,1,142,123
248,8,168,1,143,0
249,8,167,1,144,0
250,8,166,1,145,124
251,8,165,1,146,125
252,8,164,1,147,126
253,8,163,1,148,127
254,8,162,1,150,0
255,8,161,1,151,0
256,8,257,2,4,0
257,8,258,2,5,0
258,8,259,2,7,0
259,8,260,2,8,1
260,8,261,2,9,2
261,8,262,2,10,3
262,8,263,2,11,0
263,8,264,2,12,0
264,8,265,2,13,4
265,8,266,2,14,5
266,8,267,2,15,6
267,8,268,2,16,7
268,8,269,2,18,9
269,8,270,2,19,10
270,8,271,2,20,11
271,8,272,2,21,12
272,8,273,2,22,13
273,8,274,2,23,14
274,8,275,2,24,15
275,8,276,2,25,16
276,8,277,2,26,17
277,8,278,2,27,18
278,8,279,2,29,20
279,8,280,2,30,21
280,8,281,2,31,22
281,8,282,2,32,23
282,8,283,2,33,0
283,8,284,2,34,0
284,8,285,2,35,24
285,8,286,2,36,25
286,8,287,2,37,26
287,8,288,2,38,27
288,8,289,2,40,29
289,8,290,2,41,30
290,8,291,2,42,31
291,8,292,2,43,32
292,8,293,2,44,33
293,8,294,2,45,34
294,8,295,2,46,35
295,8,296,2,47,36
296,8,297,2,48,37
297,8,298,2,49,38
298,8,299,2,51,40
299,8,300,2,52,41
300,8,301,2,53,42
301,8,302,2,54,43
302,8,303,2,55,0
303,8,304,2,56,0
304,8,305,2,57,44
305,8,306,2,58,45
306,8,307,2,59,46
307,8,308,2,60,47
308,8,309,2,62,49
309,8,310,2,63,50
310,8,311,2,64,51
311,8,312,2,65,52
312,8,313,2,66,53
313,8,314,2,67,54
314,8,315,2,68,55
315,8,316,2,69,56
316,8,317,2,70,57
317,8,318,2,71,58
318,8,319,2,73,60
319,8,320,2,74,61
320,8,321,2,81,66
321,8,322,2,82,67
322,8,323,2,84,69
323,8,324,2,85,70
324,8,325,2,86,71
325,8,326,2,87,72
326,8,327,2,88,73
327,8,328,2,89,74
328,8,329,2,90,75
329,8,330,2,91,76
330,8,331,2,92,77
331,8,332,2,93,78
332,8,333,2,95,80
333,8,334,2,96,81
334,8,335,2,97,82
335,8,336,2,98,83
336,8,337,2,99,0
337,8,338,2,100,0
338,8,339,2,101,84
339,8,340,2,102,85
340,8,341,2,103,86
341,8,342,2,104,87
342,8,343,2,106,89
343,8,344,2,107,90
344,8,345,2,108,91
345,8,346,2,109,92
346,8,347,2,110,93
347,8,348,2,111,94
348,8,349,2,112,95
349,8,350,2,113,96
350,8,351,2,114,97
351,8,352,2,115,98
352,8,353,2,117,100
353,8,354,2,118,101
354,8,355,2,119,102
355,8,356,2,120,103
356,8,357,2,121,0
357,8,358,2,122,0
358,8,359,2,123,104
359,8,360,2,124,105
360,8,361,2,125,106
361,8,362,2,126,107
362,8,363,2,128,109
363,8,364,2,129,110
364,8,365,2,130,111
365,8,366,2,131,112
366,8,367,2,132,113
367,8,368,2,133,114
368,8,369,2,134,115
369,8,370,2,135,116
370,8,371,2,136,117
371,8,372,2,137,118
372,8,373,2,139,120
373,8,374,2,140,121
374,8,375,2,141,122
375,8,376,2,142,123
376,8,377,2,143,0
377,8,378,2,144,0
378,8,379,2,145,124
379,8,380,2,146,125
380,8,381,2,147,126
381,8,382,2,148,127
382,8,383,2,150,0
383,8,384,2,151,0
384,7,65,3,4,0
385,7,66,3,5,0
386,7,67,3,7,0
387,7,68,3,8,1
388,7,69,3,9,2
389,7,70,3,10,3
390,7,71,3,11,0
391,7,72,3,12,0
392,7,73,3,13,4
393,7,74,3,14,5
394,7,75,3,15,6
395,7,76,3,16,7
396,7,77,3,18,9
397,7,78,3,19,10
398,7,79,3,20,11
399,7,80,3,21,12
400,7,81,3,22,13
401,7,82,3,23,14
402,7,83,3,24,15
403,7,84,3,25,16
404,7,85,3,26,17
405,7,86,3,27,18
406,7,87,3,29,20
407,7,88,3,30,21
408,7,89,3,31,22
409,7,90,3,32,23
410,7,91,3,33,0
411,7,92,3,34,0
412,7,93,3,35,24
413,7,94,3,36,25
414,7,95,3,37,26
415,7,96,3,38,27
416,7,97,3,40,29
417,7,98,3,41,30
418,7,99,3,42,31
419,7,100,3,43,32
420,7,101,3,44,33
421,7,102,3,45,34
422,7,103,3,46,35
423,7,104,3,47,36
424,7,105,3,48,37
425,7,106,3,49,38
426,7,107,3,51,40
427,7,108,3,52,41
428,7,109,3,53,42
429,7,110,3,54,43
430,7,111,3,55,0
431,7,112,3,56,0
432,7,113,3,57,44
433,7,114,3,58,45
434,7,115,3,59,46
435,7,116,3,60,47
436,7,117,3,62,49
437,7,118,3,63,50
438,7,119,3,64,51
439,7,120,3,65,52
440,7,121,3,66,53
441,7,122,3,67,54
442,7,123,3,68,55
443,7,124,3,69,56
444,7,125,3,70,57
445,7,126,3,71,58
446,7,127,3,73,60
447,7,128,3,74,61
448,7,1,3,81,66
449,7,2,3,82,67
450,7,3,3,84,69
451,7,4,3,85,70
452,7,5,3,86,71
453,7,6,3,87,72
454,7,7,3,88,73
455,7,8,3,89,74
456,7,9,3,90,75
457,7,10,3,91,76
458,7,11,3,92,77
459,7,12,3,93,78
460,7,13,3,95,80
461,7,14,3,96,81
462,7,15,3,97,82
463,7,16,3,98,83
464,7,17,3,99,0
465,7,18,3,100,0
466,7,19,3,101,84
467,7,20,3,102,85
468,7,21,3,103,86
469,7,22,3,104,87
470,7,23,3,106,89
471,7,24,3,107,90
472,7,25,3,108,91
473,7,26,3,109,92
474,7,27,3,110,93
475,7,28,3,111,94
476,7,29,3,112,95
477,7,30,3,113,96
478,7,31,3,114,97
479,7,32,3,115,98
480,7,33,3,117,100
481,7,34,3,118,101
482,7,35,3,119,102
483,7,36,3,120,103
484,7,37,3,121,0
485,7,38,3,122,0
486,7,39,3,123,104
487,7,40,3,124,105
488,7,41,3,125,106
489,7,42,3,126,107
490,7,43,3,128,109
491,7,44,3,129,110
492,7,45,3,130,111
493,7,46,3,131,112
494,7,47,3,132,113
495,7,48,3,133,114
496,7,49,3,134,115
497,7,50,3,135,116
498,7,51,3,136,117
499,7,52,3,137,118
500,7,53,3,139,120
501,7,54,3,140,121
502,7,55,3,141,122
503,7,56,3,142,123
504,7,57,3,143,0
505,7,58,3,144,0
506,7,59,3,145,124
507,7,60,3,146,125
508,7,61,3,147,126
509,7,62,3,148,127
510,7,63,3,150,0
511,7,64,3,151,0
512,7,161,4,4,0
513,7,162,4,5,0
514,7,163,4,7,0
515,7,164,4,8,1
516,7,165,4,9,2
517,7,166,4,10,3
518,7,167,4,11,0
519,7,168,4,12,0
520,7,169,4,13,4
521,7,170,4,14,5
522,7,171,4,15,6
523,7,172,4,16,7
524,7,173,4,18,9
525,7,174,4,19,10
526,7,175,4,20,11
527,7,176,4,21,12
528,7,177,4,22,13
529,7,178,4,23,14
530,7,179,4,24,15
531,7,180,4,25,16
532,7,181,4,26,17
533,7,182,4,27,18
534,7,183,4,29,20
535,7,184,4,30,21
536,7,185,4,31,22
537,7,186,4,32,23
538,7,187,4,33,0
539,7,188,4,34,0
540,7,189,4,35,24
541,7,190,4,36,25
542,7,191,4,37,26
543,7,192,4,38,27
544,7,193,4,40,29
545,7,194,4,41,30
546,7,195,4,42,31
547,7,196,4,43,32
548,7,197,4,44,33
549,7,198,4,45,34
550,7,199,4,46,35
551,7,200,4,47,36
552,7,201,4,48,37
553,7,202,4,49,38
554,7,203,4,51,40
555,7,204,4,52,41
556,7,205,4,53,42
557,7,206,4,54,43
558,7,207,4,55,0
559,7,208,4,56,0
560,7,209,4,57,44
561,7,210,4,58,45
562,7,211,4,59,46
563,7,212,4,60,47
564,7,213,4,62,49
565,7,214,4,63,50
566,7,215,4,64,51
567,7,216,4,65,52
568,7,217,4,66,53
569,7,218,4,67,54
570,7,219,4,68,55
571,7,220,4,69,56
572,7,221,4,70,57
573,7,222,4,71,58
574,7,223,4,73,60
575,7,224,4,74,61
576,7,225,4,81,66
577,7,226,4,82,67
578,7,227,4,84,69
579,7,228,4,85,70
580,7,229,4,86,71
581,7,230,4,87,72
582,7,231,4,88,73
583,7,232,4,89,74
584,7,233,4,90,75
585,7,234,4,91,76
586,7,235,4,92,77
587,7,236,4,93,78
588,7,237,4,95,80
589,7,238,4,96,81
590,7,239,4,97,82
591,7,240,4,98,83
592,7,241,4,99,0
593,7,242,4,100,0
594,7,243,4,101,84
595,7,244,4,102,85
596,7,245,4,103,86
597,7,246,4,104,87
598,7,247,4,106,89
599,7,248,4,107,90
600,7,249,4,108,91
601,7,250,4,109,92
602,7,251,4,110,93
603,7,252,4,111,94
604,7,253,4,112,95
605,7,254,4,113,96
606,7,255,4,114,97
607,7,256,4,115,98
608,7,129,4,117,100
609,7,130,4,118,101
610,7,131,4,119,102
611,7,132,4,120,103
612,7,133,4,121,0
613,7,134,4,122,0
614,7,135,4,123,104
615,7,136,4,124,105
616,7,137,4,125,106
617,7,138,4,126,107
618,7,139,4,128,109
619,7,140,4,129,110
620,7,141,4,130,111
621,7,142,4,131,112
622,7,143,4,132,113
623,7,144,4,133,114
624,7,145,4,134,115
625,7,146,4,135,116
626,7,147,4,136,117
627,7,148,4,137,118
628,7,149,4,139,120
629,7,150,4,140,121
630,7,151,4,141,122
631,7,152,4,142,123
632,7,153,4,143,0
633,7,154,4,144,0
634,7,155,4,145,124
635,7,156,4,146,125
636,7,157,4,147,126
637,7,158,4,148,127
638,7,159,4,150,0
639,7,160,4,151,0
640,7,257,5,4,0
641,7,258,5,5,0
642,7,259,5,7,0
643,7,260,5,8,1
644,7,261,5,9,2
645,7,262,5,10,3
646,7,263,5,11,0
647,7,264,5,12,0
648,7,265,5,13,4
649,7,266,5,14,5
650,7,267,5,15,6
651,7,268,5,16,7
652,7,269,5,18,9
653,7,270,5,19,10
654,7,271,5,20,11
655,7,272,5,21,12
656,7,273,5,22,13
657,7,274,5,23,14
658,7,275,5,24,15
659,7,276,5,25,16
660,7,277,5,26,17
661,7,278,5,27,18
662,7,279,5,29,20
663,7,280,5,30,21
664,7,281,5,31,22
665,7,282,5,32,23
666,7,283,5,33,0
667,7,284,5,34,0
668,7,285,5,35,24
669,7,286,5,36,25
670,7,287,5,37,26
671,7,288,5,38,27
672,7,289,5,40,29
673,7,290,5,41,30
674,7,291,5,42,31
675,7,292,5,43,32
676,7,293,5,44,33
677,7,294,5,45,34
678,7,295,5,46,35
679,7,296,5,47,36
680,7,297,5,48,37
681,7,298,5,49,38
682,7,299,5,51,40
683,7,300,5,52,41
684,7,301,5,53,42
685,7,302,5,54,43
686,7,303,5,55,0
687,7,304,5,56,0
688,7,305,5,57,44
689,7,306,5,58,45
690,7,307,5,59,46
691,7,308,5,60,47
692,7,309,5,62,49
693,7,310,5,63,50
694,7,311,5,64,51
695,7,312,5,65,52
696,7,313,5,66,53
697,7,314,5,67,54
698,7,315,5,68,55
699,7,316,5,69,56
700,7,317,5,70,57
701,7,318,5,71,58
702,7,319,5,73,60
703,7,320,5,74,61
704,7,321,5,81,66
705,7,322,5,82,67
706,7,323,5,84,69
707,7,324,5,85,70
708,7,325,5,86,71
709,7,326,5,87,72
710,7,327,5,88,73
711,7,328,5,89,74
712,7,329,5,90,75
713,7,330,5,91,76
714,7,331,5,92,77
715,7,332,5,93,78
716,7,333,5,95,80
717,7,334,5,96,81
718,7,335,5,97,82
719,7,336,5,98,83
720,7,337,5,99,0
721,7,338,5,100,0
722,7,339,5,101,84
723,7,340,5,102,85
724,7,341,5,103,86
725,7,342,5,104,87
726,7,343,5,106,89
727,7,344,5,107,90
728,7,345,5,108,91
729,7,346,5,109,92
730,7,347,5,110,93
731,7,348,5,111,94
732,7,349,5,112,95
733,7,350,5,113,96
734,7,351,5,114,97
735,7,352,5,115,98
736,7,353,5,117,100
737,7,354,5,118,101
738,7,355,5,119,102
739,7,356,5,120,103
740,7,357,5,121,0
741,7,358,5,122,0
742,7,359,5,123,104
743,7,360,5,124,105
744,7,361,5,125,106
745,7,362,5,126,107
746,7,363,5,128,109
747,7,364,5,129,110
748,7,365,5,130,111
749,7,366,5,131,112
750,7,367,5,132,113
751,7,368,5,133,114
752,7,369,5,134,115
753,7,370,5,135,116
754,7,371,5,136,117
755,7,372,5,137,118
756,7,373,5,139,120
757,7,374,5,140,121
758,7,375,5,141,122
759,7,376,5,142,123
760,7,377,5,143,0
761,7,378,5,144,0
762,7,379,5,145,124
763,7,380,5,146,125
764,7,381,5,147,126
765,7,382,5,148,127
766,7,383,5,150,0
767,7,384,5,151,0
768,6,65,6,4,0
769,6,66,6,5,0
770,6,67,6,7,0
771,6,68,6,8,1
772,6,69,6,9,2
773,6,70,6,10,3
774,6,71,6,11,0
775,6,72,6,12,0
776,6,73,6,13,4
777,6,74,6,14,5
778,6,75,6,15,6
779,6,76,6,16,7
780,6,77,6,18,9
781,6,78,6,19,10
782,6,79,6,20,11
783,6,80,6,21,12
784,6,81,6,22,13
785,6,82,6,23,14
786,6,83,6,24,15
787,6,84,6,25,16
788,6,85,6,26,17
789,6,86,6,27,18
790,6,87,6,29,20
791,6,88,6,30,21
792,6,89,6,31,22
793,6,90,6,32,23
794,6,91,6,33,0
795,6,92,6,34,0
796,6,93,6,35,24
797,6,94,6,36,25
798,6,95,6,37,26
799,6,96,6,38,27
800,6,97,6,40,29
801,6,98,6,41,30
802,6,99,6,42,31
803,6,100,6,43,32
804,6,101,6,44,33
805,6,102,6,45,34
806,6,103,6,46,35
807,6,104,6,47,36
808,6,105,6,48,37
809,6,106,6,49,38
810,6,107,6,51,40
811,6,108,6,52,41
812,6,109,6,53,42
813,6,110,6,54,43
814,6,111,6,55,0
815,6,112,6,56,0
816,6,113,6,57,44
817,6,114,6,58,45
818,6,115,6,59,46
819,6,116,6,60,47
820,6,117,6,62,49
821,6,118,6,63,50
822,6,119,6,64,51
823,6,120,6,65,52
824,6,121,6,66,53
825,6,122,6,67,54
826,6,123,6,68,55
827,6,124,6,69,56
828,6,125,6,70,57
829,6,126,6,71,58
830,6,127,6,73,60
831,6,128,6,74,61
832,6,1,6,81,66
833,6,2,6,82,67
834,6,3,6,84,69
835,6,4,6,85,70
836,6,5,6,86,71
837,6,6,6,87,72
838,6,7,6,88,73
839,6,8,6,89,74
840,6,9,6,90,75
841,6,10,6,91,76
842,6,11,6,92,77
843,6,12,6,93,78
844,6,13,6,95,80
845,6,14,6,96,81
846,6,15,6,97,82
847,6,16,6,98,83
848,6,17,6,99,0
849,6,18,6,100,0
850,6,19,6,101,84
851,6,20,6,102,85
852,6,21,6,103,86
853,6,22,6,104,87
854,6,23,6,106,89
855,6,24,6,107,90
856,6,25,6,108,91
857,6,26,6,109,92
858,6,27,6,110,93
859,6,28,6,111,94
860,6,29,6,112,95
861,6,30,6,113,96
862,6,31,6,114,97
863,6,32,6,115,98
864,6,33,6,117,100
865,6,34,6,118,101
866,6,35,6,119,102
867,6,36,6,120,103
868,6,37,6,121,0
869,6,38,6,122,0
870,6,39,6,123,104
871,6,40,6,124,105
872,6,41,6,125,106
873,6,42,6,126,107
874,6,43,6,128,109
875,6,44,6,129,110
876,6,45,6,130,111
877,6,46,6,131,112
878,6,47,6,132,113
879,6,48,6,133,114
880,6,49,6,134,115
881,6,50,6,135,116
882,6,51,6,136,117
883,6,52,6,137,118
884,6,53,6,139,120
885,6,54,6,140,121
886,6,55,6,141,122
887,6,56,6,142,123
888,6,57,6,143,0
889,6,58,6,144,0
890,6,59,6,145,124
891,6,60,6,146,125
892,6,61,6,147,126
893,6,62,6,148,127
894,6,63,6,150,0
895,6,64,6,151,0
896,6,193,7,4,0
897,6,194,7,5,0
898,6,195,7,7,0
899,6,196,7,8,1
900,6,197,7,9,2
901,6,198,7,10,3
902,6,199,7,11,0
903,6,200,7,12,0
904,6,201,7,13,4
905,6,202,7,14,5
906,6,203,7,15,6
907,6,204,7,16,7
908,6,205,7,18,9
909,6,206,7,19,10
910,6,207,7,20,11
911,6,208,7,21,12
912,6,209,7,22,13
913,6,210,7,23,14
914,6,211,7,24,15
915,6,212,7,25,16
916,6,213,7,26,17
917,6,214,7,27,18
918,6,215,7,29,20
919,6,216,7,30,21
920,6,217,7,31,22
921,6,218,7,32,23
922,6,219,7,33,0
923,6,220,7,34,0
924,6,221,7,35,24
925,6,222,7,36,25
926,6,223,7,37,26
927,6,224,7,38,27
928,6,225,7,40,29
929,6,226,7,41,30
930,6,227,7,42,31
931,6,228,7,43,32
932,6,229,7,44,33
933,6,230,7,45,34
934,6,231,7,46,35
935,6,232,7,47,36
936,6,233,7,48,37
937,6,234,7,49,38
938,6,235,7,51,40
939,6,236,7,52,41
940,6,237,7,53,42
941,6,238,7,54,43
942,6,239,7,55,0
943,6,240,7,56,0
944,6,241,7,57,44
945,6,242,7,58,45
946,6,243,7,59,46
947,6,244,7,60,47
948,6,245,7,62,49
949,6,246,7,63,50
950,6,247,7,64,51
951,6,248,7,65,52
952,6,249,7,66,53
953,6,250,7,67,54
954,6,251,7,68,55
955,6,252,7,69,56
956,6,253,7,70,57
957,6,254,7,71,58
958,6,255,7,73,60
959,6,256,7,74,61
960,6,129,7,81,66
961,6,130,7,82,67
962,6,131,7,84,69
963,6,132,7,85,70
964,6,133,7,86,71
965,6,134,7,87,72
966,6,135,7,88,73
967,6,136,7,89,74
968,6,137,7,90,75
969,6,138,7,91,76
970,6,139,7,92,77
971,6,140,7,93,78
972,6,141,7,95,80
973,6,142,7,96,81
974,6,143,7,97,82
975,6,144,7,98,83
976,6,145,7,99,0
977,6,146,7,100,0
978,6,147,7,101,84
979,6,148,7,102,85
980,6,149,7,103,86
981,6,150,7,104,87
982,6,151,7,106,89
983,6,152,7,107,90
984,6,153,7,108,91
985,6,154,7,109,92
986,6,155,7,110,93
987,6,156,7,111,94
988,6,157,7,112,95
989,6,158,7,113,96
990,6,159,7,114,97
991,6,160,7,115,98
992,6,161,7,117,100
993,6,162,7,118,101
994,6,163,7,119,102
995,6,164,7,120,103
996,6,165,7,121,0
997,6,166,7,122,0
998,6,167,7,123,104
999,6,168,7,124,105
1000,6,169,7,125,106
1001,6,170,7,126,107
1002,6,171,7,128,109
1003,6,172,7,129,110
1004,6,173,7,130,111
1005,6,174,7,131,112
1006,6,175,7,132,113
1007,6,176,7,133,114
1008,6,177,7,134,115
1009,6,178,7,135,116
1010,6,179,7,136,117
1011,6,180,7,137,118
1012,6,181,7,139,120
1013,6,182,7,140,121
1014,6,183,7,141,122
1015,6,184,7,142,123
1016,6,185,7,143,0
1017,6,186,7,144,0
1018,6,187,7,145,124
1019,6,188,7,146,125
1020,6,189,7,147,126
1021,6,190,7,148,127
1022,6,191,7,150,0
1023,6,192,7,151,0
1024,6,257,8,4,0
1025,6,258,8,5,0
1026,6,259,8,7,0
1027,6,260,8,8,1
1028,6,261,8,9,2
1029,6,262,8,10,3
1030,6,263,8,11,0
1031,6,264,8,12,0
1032,6,265,8,13,4
1033,6,266,8,14,5
1034,6,267,8,15,6
1035,6,268,8,16,7
1036,6,269,8,18,9
1037,6,270,8,19,10
1038,6,271,8,20,11
1039,6,272,8,21,12
1040,6,273,8,22,13
1041,6,274,8,23,14
1042,6,275,8,24,15
1043,6,276,8,25,16
1044,6,277,8,26,17
1045,6,278,8,27,18
1046,6,279,8,29,20
1047,6,280,8,30,21
1048,6,281,8,31,22
1049,6,282,8,32,23
1050,6,283,8,33,0
1051,6,284,8,34,0
1052,6,285,8,35,24
1053,6,286,8,36,25
1054,6,287,8,37,26
1055,6,288,8,38,27
1056,6,289,8,40,29
1057,6,290,8,41,30
1058,6,291,8,42,31
1059,6,292,8,43,32
1060,6,293,8,44,33
1061,6,294,8,45,34
1062,6,295,8,46,35
1063,6,296,8,47,36
1064,6,297,8,48,37
1065,6,298,8,49,38
1066,6,299,8,51,40
1067,6,300,8,52,41
1068,6,301,8,53,42
1069,6,302,8,54,43
1070,6,303,8,55,0
1071,6,304,8,56,0
1072,6,305,8,57,44
1073,6,306,8,58,45
1074,6,307,8,59,46
1075,6,308,8,60,47
1076,6,309,8,62,49
1077,6,310,8,63,50
1078,6,311,8,64,51
1079,6,312,8,65,52
1080,6,313,8,66,53
1081,6,314,8,67,54
1082,6,315,8,68,55
1083,6,316,8,69,56
1084,6,317,8,70,57
1085,6,318,8,71,58
1086,6,319,8,73,60
1087,6,320,8,74,61
1088,6,321,8,81,66
1089,6,322,8,82,67
1090,6,323,8,84,69
1091,6,324,8,85,70
1092,6,325,8,86,71
1093,6,326,8,87,72
1094,6,327,8,88,73
1095,6,328,8,89,74
1096,6,329,8,90,75
1097,6,330,8,91,76
1098,6,331,8,92,77
1099,6,332,8,93,78
1100,6,333,8,95,80
1101,6,334,8,96,81
1102,6,335,8,97,82
1103,6,336,8,98,83
1104,6,337,8,99,0
1105,6,338,8,100,0
1106,6,339,8,101,84
1107,6,340,8,102,85
1108,6,341,8,103,86
1109,6,342,8,104,87
1110,6,343,8,106,89
1111,6,344,8,107,90
1112,6,345,8,108,91
1113,6,346,8,109,92
1114,6,347,8,110,93
1115,6,348,8,111,94
1116,6,349,8,112,95
1117,6,350,8,113,96
1118,6,351,8,114,97
1119,6,352,8,115,98
1120,6,353,8,117,100
1121,6,354,8,118,101
1122,6,355,8,119,102
1123,6,356,8,120,103
1124,6,357,8,121,0
1125,6,358,8,122,0
1126,6,359,8,123,104
1127,6,360,8,124,105
1128,6,361,8,125,106
1129,6,362,8,126,107
1130,6,363,8,128,109
1131,6,364,8,129,110
1132,6,365,8,130,111
1133,6,366,8,131,112
1134,6,367,8,132,113
1135,6,368,8,133,114
1136,6,369,8,134,115
1137,6,370,8,135,116
1138,6,371,8,136,117
1139,6,372,8,137,118
1140,6,373,8,139,120
1141,6,374,8,140,121
1142,6,375,8,141,122
1143,6,376,8,142,123
1144,6,377,8,143,0
1145,6,378,8,144,0
1146,6,379,8,145,124
1147,6,380,8,146,125
1148,6,381,8,147,126
1149,6,382,8,148,127
1150,6,383,8,150,0
1151,6,384,8,151,0
1152,5,65,9,4,0
1153,5,66,9,5,0
1154,5,67,9,7,0
1155,5,68,9,8,1
1156,5,69,9,9,2
1157,5,70,9,10,3
1158,5,71,9,11,0
1159,5,72,9,12,0
1160,5,73,9,13,4
1161,5,74,9,14,5
1162,5,75,9,15,6
1163,5,76,9,16,7
1164,5,77,9,18,9
1165,5,78,9,19,10
1166,5,79,9,20,11
1167,5,80,9,21,12
1168,5,81,9,22,13
1169,5,82,9,23,14
1170,5,83,9,24,15
1171,5,84,9,25,16
1172,5,85,9,26,17
1173,5,86,9,27,18
1174,5,87,9,29,20
1175,5,88,9,30,21
1176,5,89,9,31,22
1177,5,90,9,32,23
1178,5,91,9,33,0
1179,5,92,9,34,0
1180,5,93,9,35,24
1181,5,94,9,36,25
1182,5,95,9,37,26
1183,5,96,9,38,27
1184,5,97,9,40,29
1185,5,98,9,41,30
1186,5,99,9,42,31
1187,5,100,9,43,32
1188,5,101,9,44,33
1189,5,102,9,45,34
1190,5,103,9,46,35
1191,5,104,9,47,36
1192,5,105,9,48,37
1193,5,106,9,49,38
1194,5,107,9,51,40
1195,5,108,9,52,41
1196,5,109,9,53,42
1197,5,110,9,54,43
1198,5,111,9,55,0
1199,5,112,9,56,0
1200,5,113,9,57,44
1201,5,114,9,58,45
1202,5,115,9,59,46
1203,5,116,9,60,47
1204,5,117,9,62,49
1205,5,118,9,63,50
1206,5,119,9,64,51
1207,5,120,9,65,52
1208,5,121,9,66,53
1209,5,122,9,67,54
1210,5,123,9,68,55
1211,5,124,9,69,56
1212,5,125,9,70,57
1213,5,126,9,71,58
1214,5,127,9,73,60
1215,5,128,9,74,61
1216,5,1,9,81,66
1217,5,2,9,82,67
1218,5,3,9,84,69
1219,5,4,9,85,70
1220,5,5,9,86,71
1221,5,6,9,87,72
1222,5,7,9,88,73
1223,5,8,9,89,74
1224,5,9,9,90,75
1225,5,10,9,91,76
1226,5,11,9,92,77
1227,5,12,9,93,78
1228,5,13,9,95,80
1229,5,14,9,96,81
1230,5,15,9,97,82
1231,5,16,9,98,83
1232,5,17,9,99,0
1233,5,18,9,100,0
1234,5,19,9,101,84
1235,5,20,9,102,85
1236,5,21,9,103,86
1237,5,22,9,104,87
1238,5,23,9,106,89
1239,5,24,9,107,90
1240,5,25,9,108,91
1241,5,26,9,109,92
1242,5,27,9,110,93
1243,5,28,9,111,94
1244,5,29,9,112,95
1245,5,30,9,113,96
1246,5,31,9,114,97
1247,5,32,9,115,98
1248,5,33,9,117,100
1249,5,34,9,118,101
1250,5,35,9,119,102
1251,5,36,9,120,103
1252,5,37,9,121,0
1253,5,38,9,122,0
1254,5,39,9,123,104
1255,5,40,9,124,105
1256,5,41,9,125,106
1257,5,42,9,126,107
1258,5,43,9,128,109
1259,5,44,9,129,110
1260,5,45,9,130,111
1261,5,46,9,131,112
1262,5,47,9,132,113
1263,5,48,9,133,114
1264,5,49,9,134,115
1265,5,50,9,135,116
1266,5,51,9,136,117
1267,5,52,9,137,118
1268,5,53,9,139,120
1269,5,54,9,140,121
1270,5,55,9,141,122
1271,5,56,9,142,123
1272,5,57,9,143,0
1273,5,58,9,144,0
1274,5,59,9,145,124
1275,5,60,9,146,125
1276,5,61,9,147,126
1277,5,62,9,148,127
1278,5,63,9,150,0
1279,5,64,9,151,0
1280,5,161,10,4,0
1281,5,162,10,5,0
1282,5,163,10,7,0
1283,5,164,10,8,1
1284,5,165,10,9,2
1285,5,166,10,10,3
1286,5,167,10,11,0
1287,5,168,10,12,0
1288,5,169,10,13,4
1289,5,170,10,14,5
1290,5,171,10,15,6
1291,5,172,10,16,7
1292,5,173,10,18,9
1293,5,174,10,19,10
1294,5,175,10,20,11
1295,5,176,10,21,12
1296,5,177,10,22,13
1297,5,178,10,23,14
1298,5,179,10,24,15
1299,5,180,10,25,16
1300,5,181,10,26,17
1301,5,182,10,27,18
1302,5,183,10,29,20
1303,5,184,10,30,21
1304,5,185,10,31,22
1305,5,186,10,32,23
1306,5,187,10,33,0
1307,5,188,10,34,0
1308,5,189,10,35,24
1309,5,190,10,36,25
1310,5,191,10,37,26
1311,5,192,10,38,27
1312,5,193,10,40,29
1313,5,194,10,41,30
1314,5,195,10,42,31
1315,5,196,10,43,32
1316,5,197,10,44,33
1317,5,198,10,45,34
1318,5,199,10,46,35
1319,5,200,10,47,36
1320,5,201,10,48,37
1321,5,202,10,49,38
1322,5,203,10,51,40
1323,5,204,10,52,41
1324,5,205,10,53,42
1325,5,206,10,54,43
1326,5,207,10,55,0
1327,5,208,10,56,0
1328,5,209,10,57,44
1329,5,210,10,58,45
1330,5,211,10,59,46
1331,5,212,10,60,47
1332,5,213,10,62,49
1333,5,214,10,63,50
1334,5,215,10,64,51
1335,5,216,10,65,52
1336,5,217,10,66,53
1337,5,218,10,67,54
1338,5,219,10,68,55
1339,5,220,10,69,56
1340,5,221,10,70,57
1341,5,222,10,71,58
1342,5,223,10,73,60
1343,5,224,10,74,61
1344,5,225,10,81,66
1345,5,226,10,82,67
1346,5,227,10,84,69
1347,5,228,10,85,70
1348,5,229,10,86,71
1349,5,230,10,87,72
1350,5,231,10,88,73
1351,5,232,10,89,74
1352,5,233,10,90,75
1353,5,234,10,91,76
1354,5,235,10,92,77
1355,5,236,10,93,78
1356,5,237,10,95,80
1357,5,238,10,96,81
1358,5,239,10,97,82
1359,5,240,10,98,83
1360,5,241,10,99,0
1361,5,242,10,100,0
1362,5,243,10,101,84
1363,5,244,10,102,85
1364,5,245,10,103,86
1365,5,246,10,104,87
1366,5,247,10,106,89
1367,5,248,10,107,90
1368,5,249,10,108,91
1369,5,250,10,109,92
1370,5,251,10,110,93
1371,5,252,10,111,94
1372,5,253,10,112,95
1373,5,254,10,113,96
1374,5,255,10,114,97
1375,5,256,10,115,98
1376,5,129,10,117,100
1377,5,130,10,118,101
1378,5,131,10,119,102
1379,5,132,10,120,103
1380,5,133,10,121,0
1381,5,134,10,122,0
1382,5,135,10,123,104
1383,5,136,10,124,105
1384,5,137,10,125,106
1385,5,138,10,126,107
1386,5,139,10,128,109
1387,5,140,10,129,110
1388,5,141,10,130,111
1389,5,142,10,131,112
1390,5,143,10,132,113
1391,5,144,10,133,114
1392,5,145,10,134,115
1393,5,146,10,135,116
1394,5,147,10,136,117
1395,5,148,10,137,118
1396,5,149,10,139,120
1397,5,150,10,140,121
1398,5,151,10,141,122
1399,5,152,10,142,123
1400,5,153,10,143,0
1401,5,154,10,144,0
1402,5,155,10,145,124
1403,5,156,10,146,125
1404,5,157,10,147,126
1405,5,158,10,148,127
1406,5,159,10,150,0
1407,5,160,10,151,0
1408,5,257,11,4,0
1409,5,258,11,5,0
1410,5,259,11,7,0
1411,5,260,11,8,1
1412,5,261,11,9,2
1413,5,262,11,10,3
1414,5,263,11,11,0
1415,5,264,11,12,0
1416,5,265,11,13,4
1417,5,266,11,14,5
1418,5,267,11,15,6
1419,5,268,11,16,7
1420,5,269,11,18,9
1421,5,270,11,19,10
1422,5,271,11,20,11
1423,5,272,11,21,12
1424,5,273,11,22,13
1425,5,274,11,23,14
1426,5,275,11,24,15
1427,5,276,11,25,16
1428,5,277,11,26,17
1429,5,278,11,27,18
1430,5,279,11,29,20
1431,5,280,11,30,21
1432,5,281,11,31,22
1433,5,282,11,32,23
1434,5,283,11,33,0
1435,5,284,11,34,0
1436,5,285,11,35,24
1437,5,286,11,36,25
1438,5,287,11,37,26
1439,5,288,11,38,27
1440,5,289,11,40,29
1441,5,290,11,41,30
1442,5,291,11,42,31
1443,5,292,11,43,32
1444,5,293,11,44,33
1445,5,294,11,45,34
1446,5,295,11,46,35
1447,5,296,11,47,36
1448,5,297,11,48,37
1449,5,298,11,49,38
1450,5,299,11,51,40
1451,5,300,11,52,41
1452,5,301,11,53,42
1453,5,302,11,54,43
1454,5,303,11,55,0
1455,5,304,11,56,0
1456,5,305,11,57,44
1457,5,306,11,58,45
1458,5,307,11,59,46
1459,5,308,11,60,47
1460,5,309,11,62,49
1461,5,310,11,63,50
1462,5,311,11,64,51
1463,5,312,11,65,52
1464,5,313,11,66,53
1465,5,314,11,67,54
1466,5,315,11,68,55
1467,5,316,11,69,56
1468,5,317,11,70,57
1469,5,318,11,71,58
1470,5,319,11,73,60
1471,5,320,11,74,61
1472,5,321,11,81,66
1473,5,322,11,82,67
1474,5,323,11,84,69
1475,5,324,11,85,70
1476,5,325,11,86,71
1477,5,326,11,87,72
1478,5,327,11,88,73
1479,5,328,11,89,74
1480,5,329,11,90,75
1481,5,330,11,91,76
1482,5,331,11,92,77
1483,5,332,11,93,78
1484,5,333,11,95,80
1485,5,334,11,96,81
1486,5,335,11,97,82
1487,5,336,11,98,83
1488,5,337,11,99,0
1489,5,338,11,100,0
1490,5,339,11,101,84
1491,5,340,11,102,85
1492,5,341,11,103,86
1493,5,342,11,104,87
1494,5,343,11,106,89
1495,5,344,11,107,90
1496,5,345,11,108,91
1497,5,346,11,109,92
1498,5,347,11,110,93
1499,5,348,11,111,94
1500,5,349,11,112,95
1501,5,350,11,113,96
1502,5,351,11,114,97
1503,5,352,11,115,98
1504,5,353,11,117,100
1505,5,354,11,118,101
1506,5,355,11,119,102
1507,5,356,11,120,103
1508,5,357,11,121,0
1509,5,358,11,122,0
1510,5,359,11,123,104
1511,5,360,11,124,105
1512,5,361,11,125,106
1513,5,362,11,126,107
1514,5,363,11,128,109
1515,5,364,11,129,110
1516,5,365,11,130,111
1517,5,366,11,131,112
1518,5,367,11,132,113
1519,5,368,11,133,114
1520,5,369,11,134,115
1521,5,370,11,135,116
1522,5,371,11,136,117
1523,5,372,11,137,118
1524,5,373,11,139,120
1525,5,374,11,140,121
1526,5,375,11,141,122
1527,5,376,11,142,123
1528,5,377,11,143,0
1529,5,378,11,144,0
1530,5,379,11,145,124
1531,5,380,11,146,125
1532,5,381,11,147,126
1533,5,382,11,148,127
1534,5,383,11,150,0
1535,5,384,11,151,0
1536,4,65,12,4,0
1537,4,66,12,5,0
1538,4,67,12,7,0
1539,4,68,12,8,1
1540,4,69,12,9,2
1541,4,70,12,10,3
1542,4,71,12,11,0
1543,4,72,12,12,0
1544,4,73,12,13,4
1545,4,74,12,14,5
1546,4,75,12,15,6
1547,4,76,12,16,7
1548,4,77,12,18,9
1549,4,78,12,19,10
1550,4,79,12,20,11
1551,4,80,12,21,12
1552,4,81,12,22,13
1553,4,82,12,23,14
1554,4,83,12,24,15
1555,4,84,12,25,16
1556,4,85,12,26,17
1557,4,86,12,27,18
1558,4,87,12,29,20
1559,4,88,12,30,21
1560,4,89,12,31,22
1561,4,90,12,32,23
1562,4,91,12,33,0
1563,4,92,12,34,0
1564,4,93,12,35,24
1565,4,94,12,36,25
1566,4,95,12,37,26
1567,4,96,12,38,27
1568,4,97,12,40,29
1569,4,98,12,41,30
1570,4,99,12,42,31
1571,4,100,12,43,32
1572,4,101,12,44,33
1573,4,102,12,45,34
1574,4,103,12,46,35
1575,4,104,12,47,36
1576,4,105,12,48,37
1577,4,106,12,49,38
1578,4,107,12,51,40
1579,4,108,12,52,41
1580,4,109,12,53,42
1581,4,110,12,54,43
1582,4,111,12,55,0
1583,4,112,12,56,0
1584,4,113,12,57,44
1585,4,114,12,58,45
1586,4,115,12,59,46
1587,4,116,12,60,47
1588,4,117,12,62,49
1589,4,118,12,63,50
1590,4,119,12,64,51
1591,4,120,12,65,52
1592,4,121,12,66,53
1593,4,122,12,67,54
1594,4,123,12,68,55
1595,4,124,12,69,56
1596,4,125,12,70,57
1597,4,126,12,71,58
1598,4,127,12,73,60
1599,4,128,12,74,61
1600,4,1,12,81,66
1601,4,2,12,82,67
1602,4,3,12,84,69
1603,4,4,12,85,70
1604,4,5,12,86,71
1605,4,6,12,87,72
1606,4,7,12,88,73
1607,4,8,12,89,74
1608,4,9,12,90,75
1609,4,10,12,91,76
1610,4,11,12,92,77
1611,4,12,12,93,78
1612,4,13,12,95,80
1613,4,14,12,96,81
1614,4,15,12,97,82
1615,4,16,12,98,83
1616,4,17,12,99,0
1617,4,18,12,100,0
1618,4,19,12,101,84
1619,4,20,12,102,85
1620,4,21,12,103,86
1621,4,22,12,104,87
1622,4,23,12,106,89
1623,4,24,12,107,90
1624,4,25,12,108,91
1625,4,26,12,109,92
1626,4,27,12,110,93
1627,4,28,12,111,94
1628,4,29,12,112,95
1629,4,30,12,113,96
1630,4,31,12,114,97
1631,4,32,12,115,98
1632,4,33,12,117,100
1633,4,34,12,118,101
1634,4,35,12,119,102
1635,4,36,12,120,103
1636,4,37,12,121,0
1637,4,38,12,122,0
1638,4,39,12,123,104
1639,4,40,12,124,105
1640,4,41,12,125,106
1641,4,42,12,126,107
1642,4,43,12,128,109
1643,4,44,12,129,110
1644,4,45,12,130,111
1645,4,46,12,131,112
1646,4,47,12,132,113
1647,4,48,12,133,114
1648,4,49,12,134,115
1649,4,50,12,135,116
1650,4,51,12,136,117
1651,4,52,12,137,118
1652,4,53,12,139,120
1653,4,54,12,140,121
1654,4,55,12,141,122
1655,4,56,12,142,123
1656,4,57,12,143,0
1657,4,58,12,144,0
1658,4,59,12,145,124
1659,4,60,12,146,125
1660,4,61,12,147,126
1661,4,62,12,148,127
1662,4,63,12,150,0
1663,4,64,12,151,0
1664,4,193,13,4,0
1665,4,194,13,5,0
1666,4,195,13,7,0
1667,4,196,13,8,1
1668,4,197,13,9,2
1669,4,198,13,10,3
1670,4,199,13,11,0
1671,4,200,13,12,0
1672,4,201,13,13,4
1673,4,202,13,14,5
1674,4,203,13,15,6
1675,4,204,13,16,7
1676,4,205,13,18,9
1677,4,206,13,19,10
1678,4,207,13,20,11
1679,4,208,13,21,12
1680,4,209,13,22,13
1681,4,210,13,23,14
1682,4,211,13,24,15
1683,4,212,13,25,16
1684,4,213,13,26,17
1685,4,214,13,27,18
1686,4,215,13,29,20
1687,4,216,13,30,21
1688,4,217,13,31,22
1689,4,218,13,32,23
1690,4,219,13,33,0
1691,4,220,13,34,0
1692,4,221,13,35,24
1693,4,222,13,36,25
1694,4,223,13,37,26
1695,4,224,13,38,27
1696,4,225,13,40,29
1697,4,226,13,41,30
1698,4,227,13,42,31
1699,4,228,13,43,32
1700,4,229,13,44,33
1701,4,230,13,45,34
1702,4,231,13,46,35
1703,4,232,13,47,36
1704,4,233,13,48,37
1705,4,234,13,49,38
1706,4,235,13,51,40
1707,4,236,13,52,41
1708,4,237,13,53,42
1709,4,238,13,54,43
1710,4,239,13,55,0
1711,4,240,13,56,0
1712,4,241,13,57,44
1713,4,242,13,58,45
1714,4,243,13,59,46
1715,4,244,13,60,47
1716,4,245,13,62,49
1717,4,246,13,63,50
1718,4,247,13,64,51
1719,4,248,13,65,52
1720,4,249,13,66,53
1721,4,250,13,67,54
1722,4,251,13,68,55
1723,4,252,13,69,56
1724,4,253,13,70,57
1725,4,254,13,71,58
1726,4,255,13,73,60
1727,4,256,13,74,61
1728,4,129,13,81,66
1729,4,130,13,82,67
1730,4,131,13,84,69
1731,4,132,13,85,70
1732,4,133,13,86,71
1733,4,134,13,87,72
1734,4,135,13,88,73
1735,4,136,13,89,74
1736,4,137,13,90,75
1737,4,138,13,91,76
1738,4,139,13,92,77
1739,4,140,13,93,78
1740,4,141,13,95,80
1741,4,142,13,96,81
1742,4,143,13,97,82
1743,4,144,13,98,83
1744,4,145,13,99,0
1745,4,146,13,100,0
1746,4,147,13,101,84
1747,4,148,13,102,85
1748,4,149,13,103,86
1749,4,150,13,104,87
1750,4,151,13,106,89
1751,4,152,13,107,90
1752,4,153,13,108,91
1753,4,154,13,109,92
1754,4,155,13,110,93
1755,4,156,13,111,94
1756,4,157,13,112,95
1757,4,158,13,113,96
1758,4,159,13,114,97
1759,4,160,13,115,98
1760,4,161,13,117,100
1761,4,162,13,118,101
1762,4,163,13,119,102
1763,4,164,13,120,103
1764,4,165,13,121,0
1765,4,166,13,122,0
1766,4,167,13,123,104
1767,4,168,13,124,105
1768,4,169,13,125,106
1769,4,170,13,126,107
1770,4,171,13,128,109
1771,4,172,13,129,110
1772,4,173,13,130,111
1773,4,174,13,131,112
1774,4,175,13,132,113
1775,4,176,13,133,114
1776,4,177,13,134,115
1777,4,178,13,135,116
1778,4,179,13,136,117
1779,4,180,13,137,118
1780,4,181,13,139,120
1781,4,182,13,140,121
1782,4,183,13,141,122
1783,4,184,13,142,123
1784,4,185,13,143,0
1785,4,186,13,144,0
1786,4,187,13,145,124
1787,4,188,13,146,125
1788,4,189,13,147,126
1789,4,190,13,148,127
1790,4,191,13,150,0
1791,4,192,13,151,0
1792,4,289,14,4,0
1793,4,290,14,5,0
1794,4,291,14,7,0
1795,4,292,14,8,1
1796,4,293,14,9,2
1797,4,294,14,10,3
1798,4,295,14,11,0
1799,4,296,14,12,0
1800,4,297,14,13,4
1801,4,298,14,14,5
1802,4,299,14,15,6
1803,4,300,14,16,7
1804,4,301,14,18,9
1805,4,302,14,19,10
1806,4,303,14,20,11
1807,4,304,14,21,12
1808,4,305,14,22,13
1809,4,306,14,23,14
1810,4,307,14,24,15
1811,4,308,14,25,16
1812,4,309,14,26,17
1813,4,310,14,27,18
1814,4,311,14,29,20
1815,4,312,14,30,21
1816,4,313,14,31,22
1817,4,314,14,32,23
1818,4,315,14,33,0
1819,4,316,14,34,0
1820,4,317,14,35,24
1821,4,318,14,36,25
1822,4,319,14,37,26
1823,4,320,14,38,27
1824,4,321,14,40,29
1825,4,322,14,41,30
1826,4,323,14,42,31
1827,4,324,14,43,32
1828,4,325,14,44,33
1829,4,326,14,45,34
1830,4,327,14,46,35
1831,4,328,14,47,36
1832,4,329,14,48,37
1833,4,330,14,49,38
1834,4,331,14,51,40
1835,4,332,14,52,41
1836,4,333,14,53,42
1837,4,334,14,54,43
1838,4,335,14,55,0
1839,4,336,14,56,0
1840,4,337,14,57,44
1841,4,338,14,58,45
1842,4,339,14,59,46
1843,4,340,14,60,47
1844,4,341,14,62,49
1845,4,342,14,63,50
1846,4,343,14,64,51
1847,4,344,14,65,52
1848,4,345,14,66,53
1849,4,346,14,67,54
1850,4,347,14,68,55
1851,4,348,14,69,56
1852,4,349,14,70,57
1853,4,350,14,71,58
1854,4,351,14,73,60
1855,4,352,14,74,61
1856,4,353,14,81,66
1857,4,354,14,82,67
1858,4,355,14,84,69
1859,4,356,14,85,70
1860,4,357,14,86,71
1861,4,358,14,87,72
1862,4,359,14,88,73
1863,4,360,14,89,74
1864,4,361,14,90,75
1865,4,362,14,91,76
1866,4,363,14,92,77
1867,4,364,14,93,78
1868,4,365,14,95,80
1869,4,366,14,96,81
1870,4,367,14,97,82
1871,4,368,14,98,83
1872,4,369,14,99,0
1873,4,370,14,100,0
1874,4,371,14,101,84
1875,4,372,14,102,85
1876,4,373,14,103,86
1877,4,374,14,104,87
1878,4,375,14,106,89
1879,4,376,14,107,90
1880,4,377,14,108,91
1881,4,378,14,109,92
1882,4,379,14,110,93
1883,4,380,14,111,94
1884,4,381,14,112,95
1885,4,382,14,113,96
1886,4,383,14,114,97
1887,4,384,14,115,98
1888,4,257,14,117,100
1889,4,258,14,118,101
1890,4,259,14,119,102
1891,4,260,14,120,103
1892,4,261,14,121,0
1893,4,262,14,122,0
1894,4,263,14,123,104
1895,4,264,14,124,105
1896,4,265,14,125,106
1897,4,266,14,126,107
1898,4,267,14,128,109
1899,4,268,14,129,110
1900,4,269,14,130,111
1901,4,270,14,131,112
1902,4,271,14,132,113
1903,4,272,14,133,114
1904,4,273,14,134,115
1905,4,274,14,135,116
1906,4,275,14,136,117
1907,4,276,14,137,118
1908,4,277,14,139,120
1909,4,278,14,140,121
1910,4,279,14,141,122
1911,4,280,14,142,123
1912,4,281,14,143,0
1913,4,282,14,144,0
1914,4,283,14,145,124
1915,4,284,14,146,125
1916,4,285,14,147,126
1917,4,286,14,148,127
1918,4,287,14,150,0
1919,4,288,14,151,0
1920,3,65,15,4,0
1921,3,66,15,5,0
1922,3,67,15,7,0
1923,3,68,15,8,1
1924,3,69,15,9,2
1925,3,70,15,10,3
1926,3,71,15,11,0
1927,3,72,15,12,0
1928,3,73,15,13,4
1929,3,74,15,14,5
1930,3,75,15,15,6
1931,3,76,15,16,7
1932,3,77,15,18,9
1933,3,78,15,19,10
1934,3,79,15,20,11
1935,3,80,15,21,12
1936,3,81,15,22,13
1937,3,82,15,23,14
1938,3,83,15,24,15
1939,3,84,15,25,16
1940,3,85,15,26,17
1941,3,86,15,27,18
1942,3,87,15,29,20
1943,3,88,15,30,21
1944,3,89,15,31,22
1945,3,90,15,32,23
1946,3,91,15,33,0
1947,3,92,15,34,0
1948,3,93,15,35,24
1949,3,94,15,36,25
1950,3,95,15,37,26
1951,3,96,15,38,27
1952,3,97,15,40,29
1953,3,98,15,41,30
1954,3,99,15,42,31
1955,3,100,15,43,32
1956,3,101,15,44,33
1957,3,102,15,45,34
1958,3,103,15,46,35
1959,3,104,15,47,36
1960,3,105,15,48,37
1961,3,106,15,49,38
1962,3,107,15,51,40
1963,3,108,15,52,41
1964,3,109,15,53,42
1965,3,110,15,54,43
1966,3,111,15,55,0
1967,3,112,15,56,0
1968,3,113,15,57,44
1969,3,114,15,58,45
1970,3,115,15,59,46
1971,3,116,15,60,47
1972,3,117,15,62,49
1973,3,118,15,63,50
1974,3,119,15,64,51
1975,3,120,15,65,52
1976,3,121,15,66,53
1977,3,122,15,67,54
1978,3,123,15,68,55
1979,3,124,15,69,56
1980,3,125,15,70,57
1981,3,126,15,71,58
1982,3,127,15,73,60
1983,3,128,15,74,61
1984,3,1,15,81,66
1985,3,2,15,82,67
1986,3,3,15,84,69
1987,3,4,15,85,70
1988,3,5,15,86,71
1989,3,6,15,87,72
1990,3,7,15,88,73
1991,3,8,15,89,74
1992,3,9,15,90,75
1993,3,10,15,91,76
1994,3,11,15,92,77
1995,3,12,15,93,78
1996,3,13,15,95,80
1997,3,14,15,96,81
1998,3,15,15,97,82
1999,3,16,15,98,83
2000,3,17,15,99,0
2001,3,18,15,100,0
2002,3,19,15,101,84
2003,3,20,15,102,85
2004,3,21,15,103,86
2005,3,22,15,104,87
2006,3,23,15,106,89
2007,3,24,15,107,90
2008,3,25,15,108,91
2009,3,26,15,109,92
2010,3,27,15,110,93
2011,3,28,15,111,94
2012,3,29,15,112,95
2013,3,30,15,113,96
2014,3,31,15,114,97
2015,3,32,15,115,98
2016,3,33,15,117,100
2017,3,34,15,118,101
2018,3,35,15,119,102
2019,3,36,15,120,103
2020,3,37,15,121,0
2021,3,38,15,122,0
2022,3,39,15,123,104
2023,3,40,15,124,105
2024,3,41,15,125,106
2025,3,42,15,126,107
2026,3,43,15,128,109
2027,3,44,15,129,110
2028,3,45,15,130,111
2029,3,46,15,131,112
2030,3,47,15,132,113
2031,3,48,15,133,114
2032,3,49,15,134,115
2033,3,50,15,135,116
2034,3,51,15,136,117
2035,3,52,15,137,118
2036,3,53,15,139,120
2037,3,54,15,140,121
2038,3,55,15,141,122
2039,3,56,15,142,123
2040,3,57,15,143,0
2041,3,58,15,144,0
2042,3,59,15,145,124
2043,3,60,15,146,125
2044,3,61,15,147,126
2045,3,62,15,148,127
2046,3,63,15,150,0
2047,3,64,15,151,0
2048,3,161,16,4,0
2049,3,162,16,5,0
2050,3,163,16,7,0
2051,3,164,16,8,1
2052,3,165,16,9,2
2053,3,166,16,10,3
2054,3,167,16,11,0
2055,3,168,16,12,0
2056,3,169,16,13,4
2057,3,170,16,14,5
2058,3,171,16,15,6
2059,3,172,16,16,7
2060,3,173,16,18,9
2061,3,174,16,19,10
2062,3,175,16,20,11
2063,3,176,16,21,12
2064,3,177,16,22,13
2065,3,178,16,23,14
2066,3,179,16,24,15
2067,3,180,16,25,16
2068,3,181,16,26,17
2069,3,182,16,27,18
2070,3,183,16,29,20
2071,3,184,16,30,21
2072,3,185,16,31,22
2073,3,186,16,32,23
2074,3,187,16,33,0
2075,3,188,16,34,0
2076,3,189,16,35,24
2077,3,190,16,36,25
2078,3,191,16,37,26
2079,3,192,16,38,27
2080,3,193,16,40,29
2081,3,194,16,41,30
2082,3,195,16,42,31
2083,3,196,16,43,32
2084,3,197,16,44,33
2085,3,198,16,45,34
2086,3,199,16,46,35
2087,3,200,16,47,36
2088,3,201,16,48,37
2089,3,202,16,49,38
2090,3,203,16,51,40
2091,3,204,16,52,41
2092,3,205,16,53,42
2093,3,206,16,54,43
2094,3,207,16,55,0
2095,3,208,16,56,0
2096,3,209,16,57,44
2097,3,210,16,58,45
2098,3,211,16,59,46
2099,3,212,16,60,47
2100,3,213,16,62,49
2101,3,214,16,63,50
2102,3,215,16,64,51
2103,3,216,16,65,52
2104,3,217,16,66,53
2105,3,218,16,67,54
2106,3,219,16,68,55
2107,3,220,16,69,56
2108,3,221,16,70,57
2109,3,222,16,71,58
2110,3,223,16,73,60
2111,3,224,16,74,61
2112,3,225,16,81,66
2113,3,226,16,82,67
2114,3,227,16,84,69
2115,3,228,16,85,70
2116,3,229,16,86,71
2117,3,230,16,87,72
2118,3,231,16,88,73
2119,3,232,16,89,74
2120,3,233,16,90,75
2121,3,234,16,91,76
2122,3,235,16,92,77
2123,3,236,16,93,78
2124,3,237,16,95,80
2125,3,238,16,96,81
2126,3,239,16,97,82
2127,3,240,16,98,83
2128,3,241,16,99,0
2129,3,242,16,100,0
2130,3,243,16,101,84
2131,3,244,16,102,85
2132,3,245,16,103,86
2133,3,246,16,104,87
2134,3,247,16,106,89
2135,3,248,16,107,90
2136,3,249,16,108,91
2137,3,250,16,109,92
2138,3,251,16,110,93
2139,3,252,16,111,94
2140,3,253,16,112,95
2141,3,254,16,113,96
2142,3,255,16,114,97
2143,3,256,16,115,98
2144,3,129,16,117,100
2145,3,130,16,118,101
2146,3,131,16,119,102
2147,3,132,16,120,103
2148,3,133,16,121,0
2149,3,134,16,122,0
2150,3,135,16,123,104
2151,3,136,16,124,105
2152,3,137,16,125,106
2153,3,138,16,126,107
2154,3,139,16,128,109
2155,3,140,16,129,110
2156,3,141,16,130,111
2157,3,142,16,131,112
2158,3,143,16,132,113
2159,3,144,16,133,114
2160,3,145,16,134,115
2161,3,146,16,135,116
2162,3,147,16,136,117
2163,3,148,16,137,118
2164,3,149,16,139,120
2165,3,150,16,140,121
2166,3,151,16,141,122
2167,3,152,16,142,123
2168,3,153,16,143,0
2169,3,154,16,144,0
2170,3,155,16,145,124
2171,3,156,16,146,125
2172,3,157,16,147,126
2173,3,158,16,148,127
2174,3,159,16,150,0
2175,3,160,16,151,0
2176,3,289,17,4,0
2177,3,290,17,5,0
2178,3,291,17,7,0
2179,3,292,17,8,1
2180,3,293,17,9,2
2181,3,294,17,10,3
2182,3,295,17,11,0
2183,3,296,17,12,0
2184,3,297,17,13,4
2185,3,298,17,14,5
2186,3,299,17,15,6
2187,3,300,17,16,7
2188,3,301,17,18,9
2189,3,302,17,19,10
2190,3,303,17,20,11
2191,3,304,17,21,12
2192,3,305,17,22,13
2193,3,306,17,23,14
2194,3,307,17,24,15
2195,3,308,17,25,16
2196,3,309,17,26,17
2197,3,310,17,27,18
2198,3,311,17,29,20
2199,3,312,17,30,21
2200,3,313,17,31,22
2201,3,314,17,32,23
2202,3,315,17,33,0
2203,3,316,17,34,0
2204,3,317,17,35,24
2205,3,318,17,36,25
2206,3,319,17,37,26
2207,3,320,17,38,27
2208,3,321,17,40,29
2209,3,322,17,41,30
2210,3,323,17,42,31
2211,3,324,17,43,32
2212,3,325,17,44,33
2213,3,326,17,45,34
2214,3,327,17,46,35
2215,3,328,17,47,36
2216,3,329,17,48,37
2217,3,330,17,49,38
2218,3,331,17,51,40
2219,3,332,17,52,41
2220,3,333,17,53,42
2221,3,334,17,54,43
2222,3,335,17,55,0
2223,3,336,17,56,0
2224,3,337,17,57,44
2225,3,338,17,58,45
2226,3,339,17,59,46
2227,3,340,17,60,47
2228,3,341,17,62,49
2229,3,342,17,63,50
2230,3,343,17,64,51
2231,3,344,17,65,52
2232,3,345,17,66,53
2233,3,346,17,67,54
2234,3,347,17,68,55
2235,3,348,17,69,56
2236,3,349,17,70,57
2237,3,350,17,71,58
2238,3,351,17,73,60
2239,3,352,17,74,61
2240,3,353,17,81,66
2241,3,354,17,82,67
2242,3,355,17,84,69
2243,3,356,17,85,70
2244,3,357,17,86,71
2245,3,358,17,87,72
2246,3,359,17,88,73
2247,3,360,17,89,74
2248,3,361,17,90,75
2249,3,362,17,91,76
2250,3,363,17,92,77
2251,3,364,17,93,78
2252,3,365,17,95,80
2253,3,366,17,96,81
2254,3,367,17,97,82
2255,3,368,17,98,83
2256,3,369,17,99,0
2257,3,370,17,100,0
2258,3,371,17,101,84
2259,3,372,17,102,85
2260,3,373,17,103,86
2261,3,374,17,104,87
2262,3,375,17,106,89
2263,3,376,17,107,90
2264,3,377,17,108,91
2265,3,378,17,109,92
2266,3,379,17,110,93
2267,3,380,17,111,94
2268,3,381,17,112,95
2269,3,382,17,113,96
2270,3,383,17,114,97
2271,3,384,17,115,98
2272,3,257,17,117,100
2273,3,258,17,118,101
2274,3,259,17,119,102
2275,3,260,17,120,103
2276,3,261,17,121,0
2277,3,262,17,122,0
2278,3,263,17,123,104
2279,3,264,17,124,105
2280,3,265,17,125,106
2281,3,266,17,126,107
2282,3,267,17,128,109
2283,3,268,17,129,110
2284,3,269,17,130,111
2285,3,270,17,131,112
2286,3,271,17,132,113
2287,3,272,17,133,114
2288,3,273,17,134,115
2289,3,274,17,135,116
2290,3,275,17,136,117
2291,3,276,17,137,118
2292,3,277,17,139,120
2293,3,278,17,140,121
2294,3,279,17,141,122
2295,3,280,17,142,123
2296,3,281,17,143,0
2297,3,282,17,144,0
2298,3,283,17,145,124
2299,3,284,17,146,125
2300,3,285,17,147,126
2301,3,286,17,148,127
2302,3,287,17,150,0
2303,3,288,17,151,0
2304,2,65,18,4,0
2305,2,66,18,5,0
2306,2,67,18,7,0
2307,2,68,18,8,1
2308,2,69,18,9,2
2309,2,70,18,10,3
2310,2,71,18,11,0
2311,2,72,18,12,0
2312,2,73,18,13,4
2313,2,74,18,14,5
2314,2,75,18,15,6
2315,2,76,18,16,7
2316,2,77,18,18,9
2317,2,78,18,19,10
2318,2,79,18,20,11
2319,2,80,18,21,12
2320,2,81,18,22,13
2321,2,82,18,23,14
2322,2,83,18,24,15
2323,2,84,18,25,16
2324,2,85,18,26,17
2325,2,86,18,27,18
2326,2,87,18,29,20
2327,2,88,18,30,21
2328,2,89,18,31,22
2329,2,90,18,32,23
2330,2,91,18,33,0
2331,2,92,18,34,0
2332,2,93,18,35,24
2333,2,94,18,36,25
2334,2,95,18,37,26
2335,2,96,18,38,27
2336,2,97,18,40,29
2337,2,98,18,41,30
2338,2,99,18,42,31
2339,2,100,18,43,32
2340,2,101,18,44,33
2341,2,102,18,45,34
2342,2,103,18,46,35
2343,2,104,18,47,36
2344,2,105,18,48,37
2345,2,106,18,49,38
2346,2,107,18,51,40
2347,2,108,18,52,41
2348,2,109,18,53,42
2349,2,110,18,54,43
2350,2,111,18,55,0
2351,2,112,18,56,0
2352,2,113,18,57,44
2353,2,114,18,58,45
2354,2,115,18,59,46
2355,2,116,18,60,47
2356,2,117,18,62,49
2357,2,118,18,63,50
2358,2,119,18,64,51
2359,2,120,18,65,52
2360,2,121,18,66,53
2361,2,122,18,67,54
2362,2,123,18,68,55
2363,2,124,18,69,56
2364,2,125,18,70,57
2365,2,126,18,71,58
2366,2,127,18,73,60
2367,2,128,18,74,61
2368,2,1,18,81,66
2369,2,2,18,82,67
2370,2,3,18,84,69
2371,2,4,18,85,70
2372,2,5,18,86,71
2373,2,6,18,87,72
2374,2,7,18,88,73
2375,2,8,18,89,74
2376,2,9,18,90,75
2377,2,10,18,91,76
2378,2,11,18,92,77
2379,2,12,18,93,78
2380,2,13,18,95,80
2381,2,14,18,96,81
2382,2,15,18,97,82
2383,2,16,18,98,83
2384,2,17,18,99,0
2385,2,18,18,100,0
2386,2,19,18,101,84
2387,2,20,18,102,85
2388,2,21,18,103,86
2389,2,22,18,104,87
2390,2,23,18,106,89
2391,2,24,18,107,90
2392,2,25,18,108,91
2393,2,26,18,109,92
2394,2,27,18,110,93
2395,2,28,18,111,94
2396,2,29,18,112,95
2397,2,30,18,113,96
2398,2,31,18,114,97
2399,2,32,18,115,98
2400,2,33,18,117,100
2401,2,34,18,118,101
2402,2,35,18,119,102
2403,2,36,18,120,103
2404,2,37,18,121,0
2405,2,38,18,122,0
2406,2,39,18,123,104
2407,2,40,18,124,105
2408,2,41,18,125,106
2409,2,42,18,126,107
2410,2,43,18,128,109
2411,2,44,18,129,110
2412,2,45,18,130,111
2413,2,46,18,131,112
2414,2,47,18,132,113
2415,2,48,18,133,114
2416,2,49,18,134,115
2417,2,50,18,135,116
2418,2,51,18,136,117
2419,2,52,18,137,118
2420,2,53,18,139,120
2421,2,54,18,140,121
2422,2,55,18,141,122
2423,2,56,18,142,123
2424,2,57,18,143,0
2425,2,58,18,144,0
2426,2,59,18,145,124
2427,2,60,18,146,125
2428,2,61,18,147,126
2429,2,62,18,148,127
2430,2,63,18,150,0
2431,2,64,18,151,0
2432,2,161,19,4,0
2433,2,162,19,5,0
2434,2,163,19,7,0
2435,2,164,19,8,1
2436,2,165,19,9,2
2437,2,166,19,10,3
2438,2,167,19,11,0
2439,2,168,19,12,0
2440,2,169,19,13,4
2441,2,170,19,14,5
2442,2,171,19,15,6
2443,2,172,19,16,7
2444,2,173,19,18,9
2445,2,174,19,19,10
2446,2,175,19,20,11
2447,2,176,19,21,12
2448,2,177,19,22,13
2449,2,178,19,23,14
2450,2,179,19,24,15
2451,2,180,19,25,16
2452,2,181,19,26,17
2453,2,182,19,27,18
2454,2,183,19,29,20
2455,2,184,19,30,21
2456,2,185,19,31,22
2457,2,186,19,32,23
2458,2,187,19,33,0
2459,2,188,19,34,0
2460,2,189,19,35,24
2461,2,190,19,36,25
2462,2,191,19,37,26
2463,2,192,19,38,27
2464,2,193,19,40,29
2465,2,194,19,41,30
2466,2,195,19,42,31
2467,2,196,19,43,32
2468,2,197,19,44,33
2469,2,198,19,45,34
2470,2,199,19,46,35
2471,2,200,19,47,36
2472,2,201,19,48,37
2473,2,202,19,49,38
2474,2,203,19,51,40
2475,2,204,19,52,41
2476,2,205,19,53,42
2477,2,206,19,54,43
2478,2,207,19,55,0
2479,2,208,19,56,0
2480,2,209,19,57,44
2481,2,210,19,58,45
2482,2,211,19,59,46
2483,2,212,19,60,47
2484,2,213,19,62,49
2485,2,214,19,63,50
2486,2,215,19,64,51
2487,2,216,19,65,52
2488,2,217,19,66,53
2489,2,218,19,67,54
2490,2,219,19,68,55
2491,2,220,19,69,56
2492,2,221,19,70,57
2493,2,222,19,71,58
2494,2,223,19,73,60
2495,2,224,19,74,61
2496,2,225,19,81,66
2497,2,226,19,82,67
2498,2,227,19,84,69
2499,2,228,19,85,70
2500,2,229,19,86,71
2501,2,230,19,87,72
2502,2,231,19,88,73
2503,2,232,19,89,74
2504,2,233,19,90,75
2505,2,234,19,91,76
2506,2,235,19,92,77
2507,2,236,19,93,78
2508,2,237,19,95,80
2509,2,238,19,96,81
2510,2,239,19,97,82
2511,2,240,19,98,83
2512,2,241,19,99,0
2513,2,242,19,100,0
2514,2,243,19,101,84
2515,2,244,19,102,85
2516,2,245,19,103,86
2517,2,246,19,104,87
2518,2,247,19,106,89
2519,2,248,19,107,90
2520,2,249,19,108,91
2521,2,250,19,109,92
2522,2,251,19,110,93
2523,2,252,19,111,94
2524,2,253,19,112,95
2525,2,254,19,113,96
2526,2,255,19,114,97
2527,2,256,19,115,98
2528,2,129,19,117,100
2529,2,130,19,118,101
2530,2,131,19,119,102
2531,2,132,19,120,103
2532,2,133,19,121,0
2533,2,134,19,122,0
2534,2,135,19,123,104
2535,2,136,19,124,105
2536,2,137,19,125,106
2537,2,138,19,126,107
2538,2,139,19,128,109
2539,2,140,19,129,110
2540,2,141,19,130,111
2541,2,142,19,131,112
2542,2,143,19,132,113
2543,2,144,19,133,114
2544,2,145,19,134,115
2545,2,146,19,135,116
2546,2,147,19,136,117
2547,2,148,19,137,118
2548,2,149,19,139,120
2549,2,150,19,140,121
2550,2,151,19,141,122
2551,2,152,19,142,123
2552,2,153,19,143,0
2553,2,154,19,144,0
2554,2,155,19,145,124
2555,2,156,19,146,125
2556,2,157,19,147,126
2557,2,158,19,148,127
2558,2,159,19,150,0
2559,2,160,19,151,0
2560,2,289,20,4,0
2561,2,290,20,5,0
2562,2,291,20,7,0
2563,2,292,20,8,1
2564,2,293,20,9,2
2565,2,294,20,10,3
2566,2,295,20,11,0
2567,2,296,20,12,0
2568,2,297,20,13,4
2569,2,298,20,14,5
2570,2,299,20,15,6
2571,2,300,20,16,7
2572,2,301,20,18,9
2573,2,302,20,19,10
2574,2,303,20,20,11
2575,2,304,20,21,12
2576,2,305,20,22,13
2577,2,306,20,23,14
2578,2,307,20,24,15
2579,2,308,20,25,16
2580,2,309,20,26,17
2581,2,310,20,27,18
2582,2,311,20,29,20
2583,2,312,20,30,21
2584,2,313,20,31,22
2585,2,314,20,32,23
2586,2,315,20,33,0
2587,2,316,20,34,0
2588,2,317,20,35,24
2589,2,318,20,36,25
2590,2,319,20,37,26
2591,2,320,20,38,27
2592,2,321,20,40,29
2593,2,322,20,41,30
2594,2,323,20,42,31
2595,2,324,20,43,32
2596,2,325,20,44,33
2597,2,326,20,45,34
2598,2,327,20,46,35
2599,2,328,20,47,36
2600,2,329,20,48,37
2601,2,330,20,49,38
2602,2,331,20,51,40
2603,2,332,20,52,41
2604,2,333,20,53,42
2605,2,334,20,54,43
2606,2,335,20,55,0
2607,2,336,20,56,0
2608,2,337,20,57,44
2609,2,338,20,58,45
2610,2,339,20,59,46
2611,2,340,20,60,47
2612,2,341,20,62,49
2613,2,342,20,63,50
2614,2,343,20,64,51
2615,2,344,20,65,52
2616,2,345,20,66,53
2617,2,346,20,67,54
2618,2,347,20,68,55
2619,2,348,20,69,56
2620,2,349,20,70,57
2621,2,350,20,71,58
2622,2,351,20,73,60
2623,2,352,20,74,61
2624,2,353,20,81,66
2625,2,354,20,82,67
2626,2,355,20,84,69
2627,2,356,20,85,70
2628,2,357,20,86,71
2629,2,358,20,87,72
2630,2,359,20,88,73
2631,2,360,20,89,74
2632,2,361,20,90,75
2633,2,362,20,91,76
2634,2,363,20,92,77
2635,2,364,20,93,78
2636,2,365,20,95,80
2637,2,366,20,96,81
2638,2,367,20,97,82
2639,2,368,20,98,83
2640,2,369,20,99,0
2641,2,370,20,100,0
2642,2,371,20,101,84
2643,2,372,20,102,85
2644,2,373,20,103,86
2645,2,374,20,104,87
2646,2,375,20,106,89
2647,2,376,20,107,90
2648,2,377,20,108,91
2649,2,378,20,109,92
2650,2,379,20,110,93
2651,2,380,20,111,94
2652,2,381,20,112,95
2653,2,382,20,113,96
2654,2,383,20,114,97
2655,2,384,20,115,98
2656,2,257,20,117,100
2657,2,258,20,118,101
2658,2,259,20,119,102
2659,2,260,20,120,103
2660,2,261,20,121,0
2661,2,262,20,122,0
2662,2,263,20,123,104
2663,2,264,20,124,105
2664,2,265,20,125,106
2665,2,266,20,126,107
2666,2,267,20,128,109
2667,2,268,20,129,110
2668,2,269,20,130,111
2669,2,270,20,131,112
2670,2,271,20,132,113
2671,2,272,20,133,114
2672,2,273,20,134,115
2673,2,274,20,135,116
2674,2,275,20,136,117
2675,2,276,20,137,118
2676,2,277,20,139,120
2677,2,278,20,140,121
2678,2,279,20,141,122
2679,2,280,20,142,123
2680,2,281,20,143,0
2681,2,282,20,144,0
2682,2,283,20,145,124
2683,2,284,20,146,125
2684,2,285,20,147,126
2685,2,286,20,148,127
2686,2,287,20,150,0
2687,2,288,20,151,0
2688,1,28,21,4,0
2689,1,29,21,5,0
2690,1,30,21,7,0
2691,1,31,21,8,1
2692,1,32,21,9,2
2693,1,33,21,10,3
2694,1,34,21,11,0
2695,1,35,21,12,0
2696,1,36,21,13,4
2697,1,37,21,14,5
2698,1,38,21,15,6
2699,1,39,21,16,7
2700,1,40,21,18,9
2701,1,41,21,19,10
2702,1,42,21,20,11
2703,1,43,21,21,12
2704,1,44,21,22,13
2705,1,45,21,23,14
2706,1,46,21,24,15
2707,1,47,21,25,16
2708,1,48,21,26,17
2709,1,49,21,27,18
2710,1,50,21,29,20
2711,1,51,21,30,21
2712,1,52,21,31,22
2713,1,53,21,32,23
2714,1,54,21,33,0
2715,1,55,21,34,0
2716,1,56,21,35,24
2717,1,57,21,36,25
2718,1,58,21,37,26
2719,1,59,21,38,27
2720,1,60,21,40,29
2721,1,61,21,41,30
2722,1,62,21,42,31
2723,1,63,21,43,32
2724,1,64,21,44,33
2725,1,65,21,45,34
2726,1,66,21,46,35
2727,1,67,21,47,36
2728,1,68,21,48,37
2729,1,69,21,49,38
2730,1,70,21,51,40
2731,1,71,21,52,41
2732,1,72,21,53,42
2733,1,73,21,54,43
2734,1,74,21,55,0
2735,1,75,21,56,0
2736,1,76,21,57,44
2737,1,77,21,58,45
2738,1,78,21,59,46
2739,1,79,21,60,47
2740,1,80,21,62,49
2741,1,81,21,63,50
2742,1,82,21,64,51
2743,1,83,21,65,52
2744,1,84,21,66,53
2745,1,85,21,67,54
2746,1,86,21,68,55
2747,1,87,21,69,56
2748,1,88,21,70,57
2749,1,89,21,71,58
2750,1,90,21,73,60
2751,1,91,21,74,61
2752,1,92,21,81,66
2753,1,93,21,82,67
2754,1,94,21,84,69
2755,1,95,21,85,70
2756,1,96,21,86,71
2757,1,97,21,87,72
2758,1,98,21,88,73
2759,1,99,21,89,74
2760,1,100,21,90,75
2761,1,101,21,91,76
2762,1,102,21,92,77
2763,1,103,21,93,78
2764,1,104,21,95,80
2765,1,105,21,96,81
2766,1,106,21,97,82
2767,1,107,21,98,83
2768,1,108,21,99,0
2769,1,109,21,100,0
2770,1,110,21,101,84
2771,1,111,21,102,85
2772,1,112,21,103,86
2773,1,113,21,104,87
2774,1,114,21,106,89
2775,1,115,21,107,90
2776,1,116,21,108,91
2777,1,117,21,109,92
2778,1,118,21,110,93
2779,1,119,21,111,94
2780,1,120,21,112,95
2781,1,121,21,113,96
2782,1,122,21,114,97
2783,1,123,21,115,98
2784,1,1,21,117,100
2785,1,2,21,118,101
2786,1,3,21,119,102
2787,1,4,21,120,103
2788,1,5,21,121,0
2789,1,6,21,122,0
2790,1,7,21,123,104
2791,1,8,21,124,105
2792,1,9,21,125,106
2793,1,0,21,126,107
2794,1,10,21,128,109
2795,1,11,21,129,110
2796,1,12,21,130,111
2797,1,13,21,131,112
2798,1,14,21,132,113
2799,1,15,21,133,114
2800,1,16,21,134,115
2801,1,17,21,135,116
2802,1,18,21,136,117
2803,1,19,21,137,118
2804,1,20,21,139,120
2805,1,21,21,140,121
2806,1,22,21,141,122
2807,1,23,21,142,123
2808,1,24,21,143,0
2809,1,25,21,144,0
2810,1,26,21,145,124
2811,1,27,21,146,125
2812,1,156,22,4,0
2813,1,157,22,5,0
2814,1,158,22,7,0
2815,1,159,22,8,1
2816,1,160,22,9,2
2817,1,161,22,10,3
2818,1,162,22,11,0
2819,1,163,22,12,0
2820,1,164,22,13,4
2821,1,165,22,14,5
2822,1,166,22,15,6
2823,1,167,22,16,7
2824,1,168,22,18,9
2825,1,169,22,19,10
2826,1,170,22,20,11
2827,1,171,22,21,12
2828,1,172,22,22,13
2829,1,173,22,23,14
2830,1,174,22,24,15
2831,1,175,22,25,16
2832,1,176,22,26,17
2833,1,177,22,27,18
2834,1,178,22,29,20
2835,1,179,22,30,21
2836,1,180,22,31,22
2837,1,181,22,32,23
2838,1,182,22,33,0
2839,1,183,22,34,0
2840,1,184,22,35,24
2841,1,185,22,36,25
2842,1,186,22,37,26
2843,1,187,22,38,27
2844,1,188,22,40,29
2845,1,189,22,41,30
2846,1,190,22,42,31
2847,1,191,22,43,32
2848,1,192,22,44,33
2849,1,193,22,45,34
2850,1,194,22,46,35
2851,1,195,22,47,36
2852,1,196,22,48,37
2853,1,197,22,49,38
2854,1,198,22,51,40
2855,1,199,22,52,41
2856,1,200,22,53,42
2857,1,201,22,54,43
2858,1,202,22,55,0
2859,1,203,22,56,0
2860,1,204,22,57,44
2861,1,205,22,58,45
2862,1,206,22,59,46
2863,1,207,22,60,47
2864,1,208,22,62,49
2865,1,209,22,63,50
2866,1,210,22,64,51
2867,1,211,22,65,52
2868,1,212,22,66,53
2869,1,213,22,67,54
2870,1,214,22,68,55
2871,1,215,22,69,56
2872,1,216,22,70,57
2873,1,217,22,71,58
2874,1,218,22,73,60
2875,1,219,22,74,61
2876,1,220,22,81,66
2877,1,221,22,82,67
2878,1,222,22,84,69
2879,1,223,22,85,70
2880,1,224,22,86,71
2881,1,225,22,87,72
2882,1,226,22,88,73
2883,1,227,22,89,74
2884,1,228,22,90,75
2885,1,229,22,91,76
2886,1,230,22,92,77
2887,1,231,22,93,78
2888,1,232,22,95,80
2889,1,233,22,96,81
2890,1,234,22,97,82
2891,1,235,22,98,83
2892,1,236,22,99,0
2893,1,237,22,100,0
2894,1,238,22,101,84
2895,1,239,22,102,85
2896,1,240,22,103,86
2897,1,241,22,104,87
2898,1,242,22,106,89
2899,1,243,22,107,90
2900,1,244,22,108,91
2901,1,245,22,109,92
2902,1,246,22,110,93
2903,1,247,22,111,94
2904,1,248,22,112,95
2905,1,249,22,113,96
2906,1,250,22,114,97
2907,1,251,22,115,98
2908,1,124,22,117,100
2909,1,125,22,118,101
2910,1,126,22,119,102
2911,1,127,22,120,103
2912,1,128,22,121,0
2913,1,129,22,122,0
2914,1,130,22,123,104
2915,1,131,22,124,105
2916,1,132,22,125,106
2917,1,133,22,126,107
2918,1,134,22,128,109
2919,1,135,22,129,110
2920,1,136,22,130,111
2921,1,137,22,131,112
2922,1,138,22,132,113
2923,1,139,22,133,114
2924,1,140,22,134,115
2925,1,141,22,135,116
2926,1,142,22,136,117
2927,1,143,22,137,118
2928,1,144,22,139,120
2929,1,145,22,140,121
2930,1,146,22,141,122
2931,1,147,22,142,123
2932,1,148,22,143,0
2933,1,149,22,144,0
2934,1,150,22,145,124
2935,1,151,22,146,125
2936,1,152,22,147,126
2937,1,153,22,148,127
2938,1,154,22,150,0
2939,1,155,22,151,0
2940,1,284,23,4,0
2941,1,285,23,5,0
2942,1,286,23,7,0
2943,1,287,23,8,1
2944,1,288,23,9,2
2945,1,289,23,10,3
2946,1,290,23,11,0
2947,1,291,23,12,0
2948,1,292,23,13,4
2949,1,293,23,14,5
2950,1,294,23,15,6
2951,1,295,23,16,7
2952,1,296,23,18,9
2953,1,297,23,19,10
2954,1,298,23,20,11
2955,1,299,23,21,12
2956,1,300,23,22,13
2957,1,301,23,23,14
2958,1,302,23,24,15
2959,1,303,23,25,16
2960,1,304,23,26,17
2961,1,305,23,27,18
2962,1,306,23,29,20
2963,1,307,23,30,21
2964,1,308,23,31,22
2965,1,309,23,32,23
2966,1,310,23,33,0
2967,1,311,23,34,0
2968,1,312,23,35,24
2969,1,313,23,36,25
2970,1,314,23,37,26
2971,1,315,23,38,27
2972,1,316,23,40,29
2973,1,317,23,41,30
2974,1,318,23,42,31
2975,1,319,23,43,32
2976,1,320,23,44,33
2977,1,321,23,45,34
2978,1,322,23,46,35
2979,1,323,23,47,36
2980,1,324,23,48,37
2981,1,325,23,49,38
2982,1,326,23,51,40
2983,1,327,23,52,41
2984,1,328,23,53,42
2985,1,329,23,54,43
2986,1,330,23,55,0
2987,1,331,23,56,0
2988,1,332,23,57,44
2989,1,333,23,58,45
2990,1,334,23,59,46
2991,1,335,23,60,47
2992,1,336,23,62,49
2993,1,337,23,63,50
2994,1,338,23,64,51
2995,1,339,23,65,52
2996,1,340,23,66,53
2997,1,341,23,67,54
2998,1,342,23,68,55
2999,1,343,23,69,56
3000,1,344,23,70,57
3001,1,345,23,71,58
3002,1,346,23,73,60
3003,1,347,23,74,61
3004,1,348,23,86,71
3005,1,349,23,87,72
3006,1,350,23,88,73
3007,1,351,23,89,74
3008,1,352,23,90,75
3009,1,353,23,91,76
3010,1,354,23,92,77
3011,1,355,23,93,78
3012,1,356,23,95,80
3013,1,357,23,96,81
3014,1,358,23,97,82
3015,1,359,23,98,83
3016,1,360,23,99,0
3017,1,361,23,100,0
3018,1,362,23,101,84
3019,1,363,23,102,85
3020,1,364,23,103,86
3021,1,365,23,104,87
3022,1,366,23,107,90
3023,1,367,23,108,91
3024,1,368,23,109,92
3025,1,369,23,110,93
3026,1,370,23,111,94
3027,1,371,23,112,95
3028,1,372,23,113,96
3029,1,373,23,114,97
3030,1,374,23,115,98
3031,1,252,23,117,100
3032,1,253,23,118,101
3033,1,254,23,119,102
3034,1,255,23,120,103
3035,1,256,23,121,0
3036,1,257,23,122,0
3037,1,258,23,123,104
3038,1,259,23,124,105
3039,1,260,23,125,106
3040,1,261,23,126,107
3041,1,262,23,128,109
3042,1,263,23,129,110
3043,1,264,23,130,111
3044,1,265,23,131,112
3045,1,266,23,132,113
3046,1,267,23,133,114
3047,1,268,23,134,115
3048,1,269,23,135,116
3049,1,270,23,136,117
3050,1,271,23,137,118
3051,1,272,23,139,120
3052,1,273,23,140,121
3053,1,274,23,141,122
3054,1,275,23,142,123
3055,1,276,23,143,0
3056,1,277,23,144,0
3057,1,278,23,145,124
3058,1,279,23,146,125
3059,1,280,23,147,126
3060,1,281,23,148,127
3061,1,282,23,150,0
3062,1,283,23,151,0
